what,kind,bundleId,bundleVersion,description,time
deactivated,workbench,org.eclipse.ui.workbench,3.7.0.I20110519-0100,"",1317488837944
executed,command,org.eclipse.ui,3.7.0.I20110602-0100,"org.eclipse.ui.file.export",1317488851054
executed,command,org.eclipse.ui,3.7.0.I20110602-0100,"org.eclipse.ui.file.export",1317488851055
activated,workbench,org.eclipse.ui.workbench,3.7.0.I20110519-0100,"",1317488851080
started,bundle,org.eclipse.wst.ws.service.policy.ui,1.0.202.v201004211732,"org.eclipse.wst.ws.service.policy.ui",1317488855571
started,bundle,org.eclipse.wst.ws.service.policy,1.0.303.v201009221810,"org.eclipse.wst.ws.service.policy",1317488855588
started,bundle,org.eclipse.wst.command.env,1.0.409.v201004211805,"org.eclipse.wst.command.env",1317488855661
started,bundle,org.eclipse.wst.ws,1.1.203.v201004211805,"org.eclipse.wst.ws",1317488855678
activated,editor,org.eclipse.jdt.ui,3.7.0.v20110531-1200,"org.eclipse.jdt.ui.CompilationUnitEditor",1317488865509
activated,view,org.eclipse.jdt.ui,3.7.0.v20110531-1200,"org.eclipse.jdt.ui.PackageExplorer",1317488865541
activated,editor,org.eclipse.jdt.ui,3.7.0.v20110531-1200,"org.eclipse.jdt.ui.CompilationUnitEditor",1317488871385
activated,view,org.eclipse.jdt.ui,3.7.0.v20110531-1200,"org.eclipse.jdt.ui.PackageExplorer",1317488886070
deactivated,workbench,org.eclipse.ui.workbench,3.7.0.I20110519-0100,"",1317488900855
activated,workbench,org.eclipse.ui.workbench,3.7.0.I20110519-0100,"",1317488928024
deactivated,workbench,org.eclipse.ui.workbench,3.7.0.I20110519-0100,"",1317488934509
activated,workbench,org.eclipse.ui.workbench,3.7.0.I20110519-0100,"",1317488945132
deactivated,workbench,org.eclipse.ui.workbench,3.7.0.I20110519-0100,"",1317488950055
started,bundle,org.eclipse.wst.server.ui,1.1.305.v20110511,"org.eclipse.wst.server.ui",1317488952399
started,bundle,org.eclipse.mylyn.resources.ui,3.6.0.v20110608-1400,"org.eclipse.mylyn.resources.ui",1317488953799
closed,editor,org.eclipse.jdt.ui,3.7.0.v20110531-1200,"org.eclipse.jdt.ui.CompilationUnitEditor",1317488953859
executed,command,org.eclipse.ltk.ui.refactoring,3.6.0.v20110505-0800,"org.eclipse.ltk.ui.refactoring.commands.deleteResources",1317488954014
executed,command,org.eclipse.ui,3.7.0.I20110602-0100,"org.eclipse.ui.edit.delete",1317488954014
activated,workbench,org.eclipse.ui.workbench,3.7.0.I20110519-0100,"",1317488954076
deactivated,workbench,org.eclipse.ui.workbench,3.7.0.I20110519-0100,"",1317488954441
activated,workbench,org.eclipse.ui.workbench,3.7.0.I20110519-0100,"",1317488963682
activated,perspective,org.eclipse.jst.j2ee.ui,,"org.eclipse.jst.j2ee.J2EEPerspective",1317489032007
started,bundle,org.eclipse.osgi,3.7.0.v20110613,"org.eclipse.osgi",1317489032009
started,bundle,org.eclipse.equinox.simpleconfigurator,1.0.200.v20110502-1955,"org.eclipse.equinox.simpleconfigurator",1317489032010
started,bundle,com.ibm.icu,4.4.2.v20110208,"com.ibm.icu",1317489032010
started,bundle,org.eclipse.core.contenttype,3.4.100.v20110423-0524,"org.eclipse.core.contenttype",1317489032035
started,bundle,org.eclipse.core.databinding.observable,1.4.0.I20110222-0800,"org.eclipse.core.databinding.observable",1317489032036
started,bundle,org.eclipse.core.expressions,3.4.300.v20110228,"org.eclipse.core.expressions",1317489032044
started,bundle,org.eclipse.core.filebuffers,3.5.200.v20110505-0800,"org.eclipse.core.filebuffers",1317489032045
started,bundle,org.eclipse.core.filesystem,1.3.100.v20110423-0524,"org.eclipse.core.filesystem",1317489032059
started,bundle,org.eclipse.core.jobs,3.5.100.v20110404,"org.eclipse.core.jobs",1317489032059
started,bundle,org.eclipse.core.net,1.2.100.I20110511-0800,"org.eclipse.core.net",1317489032060
started,bundle,org.eclipse.core.resources,3.7.100.v20110510-0712,"org.eclipse.core.resources",1317489032061
started,bundle,org.eclipse.core.runtime,3.7.0.v20110110,"org.eclipse.core.runtime",1317489032062
started,bundle,org.eclipse.core.runtime.compatibility,3.2.100.v20100505,"org.eclipse.core.runtime.compatibility",1317489032062
started,bundle,org.eclipse.core.runtime.compatibility.auth,3.2.200.v20110110,"org.eclipse.core.runtime.compatibility.auth",1317489032063
started,bundle,org.eclipse.debug.core,3.7.0.v20110518,"org.eclipse.debug.core",1317489032068
started,bundle,org.eclipse.egit.core,1.0.0.201106090707-r,"org.eclipse.egit.core",1317489032076
started,bundle,org.eclipse.egit.ui,1.0.0.201106090707-r,"org.eclipse.egit.ui",1317489032086
started,bundle,org.eclipse.emf.common,2.7.0.v20110605-0747,"org.eclipse.emf.common",1317489032086
started,bundle,org.eclipse.emf.common.ui,2.7.0.v20110606-0949,"org.eclipse.emf.common.ui",1317489032086
started,bundle,org.eclipse.emf.ecore,2.7.0.v20110605-0747,"org.eclipse.emf.ecore",1317489032086
started,bundle,org.eclipse.emf.ecore.xmi,2.7.0.v20110520-1406,"org.eclipse.emf.ecore.xmi",1317489032097
started,bundle,org.eclipse.emf.edit,2.7.0.v20110606-0949,"org.eclipse.emf.edit",1317489032097
started,bundle,org.eclipse.emf.edit.ui,2.7.0.v20110606-0949,"org.eclipse.emf.edit.ui",1317489032097
started,bundle,org.eclipse.epp.mpc.ui,1.1.0.I20110525-0742,"org.eclipse.epp.mpc.ui",1317489032097
started,bundle,org.eclipse.epp.usagedata.gathering,1.3.1.R201106061540,"org.eclipse.epp.usagedata.gathering",1317489032097
started,bundle,org.eclipse.epp.usagedata.recording,1.3.1.R201106061540,"org.eclipse.epp.usagedata.recording",1317489032098
started,bundle,org.eclipse.equinox.app,1.3.100.v20110321,"org.eclipse.equinox.app",1317489032098
started,bundle,org.eclipse.equinox.common,3.6.0.v20110523,"org.eclipse.equinox.common",1317489032099
started,bundle,org.eclipse.equinox.ds,1.3.0.v20110502,"org.eclipse.equinox.ds",1317489032104
started,bundle,org.eclipse.equinox.event,1.2.100.v20110502,"org.eclipse.equinox.event",1317489032112
started,bundle,org.eclipse.equinox.p2.core,2.1.0.v20110502-1955,"org.eclipse.equinox.p2.core",1317489032113
started,bundle,org.eclipse.equinox.p2.directorywatcher,1.0.300.v20110502-1955,"org.eclipse.equinox.p2.directorywatcher",1317489032113
started,bundle,org.eclipse.equinox.p2.engine,2.1.0.v20110511,"org.eclipse.equinox.p2.engine",1317489032124
started,bundle,org.eclipse.equinox.p2.metadata,2.1.0.v20110510,"org.eclipse.equinox.p2.metadata",1317489032125
started,bundle,org.eclipse.equinox.p2.metadata.repository,1.2.0.v20110511-1359,"org.eclipse.equinox.p2.metadata.repository",1317489032144
started,bundle,org.eclipse.equinox.p2.operations,2.1.0.v20110511-1821,"org.eclipse.equinox.p2.operations",1317489032144
started,bundle,org.eclipse.equinox.p2.reconciler.dropins,1.1.100.v20110510,"org.eclipse.equinox.p2.reconciler.dropins",1317489032145
started,bundle,org.eclipse.equinox.p2.repository,2.1.0.v20110601,"org.eclipse.equinox.p2.repository",1317489032145
started,bundle,org.eclipse.equinox.p2.ui.sdk.scheduler,1.0.100.v20110502-1955,"org.eclipse.equinox.p2.ui.sdk.scheduler",1317489032146
started,bundle,org.eclipse.equinox.p2.updatechecker,1.1.200.v20110502-1955,"org.eclipse.equinox.p2.updatechecker",1317489032146
started,bundle,org.eclipse.equinox.preferences,3.4.0.v20110502,"org.eclipse.equinox.preferences",1317489032147
started,bundle,org.eclipse.equinox.registry,3.5.100.v20110502,"org.eclipse.equinox.registry",1317489032147
started,bundle,org.eclipse.equinox.security,1.1.0.v20110502,"org.eclipse.equinox.security",1317489032162
started,bundle,org.eclipse.equinox.util,1.0.300.v20110502,"org.eclipse.equinox.util",1317489032162
started,bundle,org.eclipse.help,3.5.100.v20110426,"org.eclipse.help",1317489032163
started,bundle,org.eclipse.jdt.core,3.7.0.v_B61,"org.eclipse.jdt.core",1317489032164
started,bundle,org.eclipse.jdt.core.manipulation,1.4.0.v20110505-0800,"org.eclipse.jdt.core.manipulation",1317489032174
started,bundle,org.eclipse.jdt.launching,3.6.0.v20110509,"org.eclipse.jdt.launching",1317489032187
started,bundle,org.eclipse.jdt.ui,3.7.0.v20110531-1200,"org.eclipse.jdt.ui",1317489032189
started,bundle,org.eclipse.jem,2.0.500.v201104271400,"org.eclipse.jem",1317489032204
started,bundle,org.eclipse.jem.util,2.1.100.v201103021400,"org.eclipse.jem.util",1317489032205
started,bundle,org.eclipse.jface,3.7.0.I20110522-1430,"org.eclipse.jface",1317489032205
started,bundle,org.eclipse.jgit,1.0.0.201106090707-r,"org.eclipse.jgit",1317489032205
started,bundle,org.eclipse.jsch.core,1.1.300.I20110514-0800,"org.eclipse.jsch.core",1317489032205
started,bundle,org.eclipse.jst.common.project.facet.core,1.4.200.v201103170302,"org.eclipse.jst.common.project.facet.core",1317489032205
started,bundle,org.eclipse.jst.j2ee,1.1.500.v201105122000,"org.eclipse.jst.j2ee",1317489032221
started,bundle,org.eclipse.jst.j2ee.core,1.2.100.v201105122000,"org.eclipse.jst.j2ee.core",1317489032222
started,bundle,org.eclipse.jst.j2ee.navigator.ui,1.1.500.v201012020700,"org.eclipse.jst.j2ee.navigator.ui",1317489032223
started,bundle,org.eclipse.jst.j2ee.ui,1.1.500.v201104151900,"org.eclipse.jst.j2ee.ui",1317489032224
started,bundle,org.eclipse.jst.j2ee.webservice,1.1.400.v201004110600,"org.eclipse.jst.j2ee.webservice",1317489032237
started,bundle,org.eclipse.jst.j2ee.webservice.ui,1.1.500.v201105122000,"org.eclipse.jst.j2ee.webservice.ui",1317489032238
started,bundle,org.eclipse.jst.jee.ui,1.0.400.v201105122000,"org.eclipse.jst.jee.ui",1317489032238
started,bundle,org.eclipse.jst.ws.jaxrs.core,1.0.300.v201011231608,"org.eclipse.jst.ws.jaxrs.core",1317489032240
started,bundle,org.eclipse.jst.ws.jaxws.utils,1.0.0.v201004171919,"org.eclipse.jst.ws.jaxws.utils",1317489032252
started,bundle,org.eclipse.m2e.discovery,1.0.0.20110607-2117,"org.eclipse.m2e.discovery",1317489032256
started,bundle,org.eclipse.m2e.logback.configuration,1.0.0.20110607-2117,"org.eclipse.m2e.logback.configuration",1317489032256
started,bundle,org.eclipse.mylyn.bugzilla.core,3.6.0.v20110608-1400,"org.eclipse.mylyn.bugzilla.core",1317489032257
started,bundle,org.eclipse.mylyn.bugzilla.ui,3.6.0.v20110608-1400,"org.eclipse.mylyn.bugzilla.ui",1317489032258
started,bundle,org.eclipse.mylyn.commons.identity,0.8.0.v20110608-1400,"org.eclipse.mylyn.commons.identity",1317489032258
started,bundle,org.eclipse.mylyn.commons.net,3.6.0.v20110608-1400,"org.eclipse.mylyn.commons.net",1317489032258
started,bundle,org.eclipse.mylyn.commons.ui,3.6.0.v20110608-1400,"org.eclipse.mylyn.commons.ui",1317489032271
started,bundle,org.eclipse.mylyn.context.core,3.6.0.v20110608-1400,"org.eclipse.mylyn.context.core",1317489032272
started,bundle,org.eclipse.mylyn.context.ui,3.6.0.v20110608-1400,"org.eclipse.mylyn.context.ui",1317489032283
started,bundle,org.eclipse.mylyn.monitor.ui,3.6.0.v20110608-1400,"org.eclipse.mylyn.monitor.ui",1317489032283
started,bundle,org.eclipse.mylyn.tasks.ui,3.6.0.v20110608-1400,"org.eclipse.mylyn.tasks.ui",1317489032302
started,bundle,org.eclipse.mylyn.team.ui,3.6.0.v20110608-1400,"org.eclipse.mylyn.team.ui",1317489032303
started,bundle,org.eclipse.search,3.7.0.v20110505-0800,"org.eclipse.search",1317489032308
started,bundle,org.eclipse.team.core,3.6.0.I20110525-0800,"org.eclipse.team.core",1317489032314
started,bundle,org.eclipse.team.cvs.core,3.3.400.I20110510-0800,"org.eclipse.team.cvs.core",1317489032336
started,bundle,org.eclipse.team.cvs.ui,3.3.400.I20110510-0800,"org.eclipse.team.cvs.ui",1317489032353
started,bundle,org.eclipse.team.ui,3.6.100.I20110525-0800,"org.eclipse.team.ui",1317489032354
started,bundle,org.eclipse.ui,3.7.0.I20110602-0100,"org.eclipse.ui",1317489032356
started,bundle,org.eclipse.ui.console,3.5.100.v20110511,"org.eclipse.ui.console",1317489032356
started,bundle,org.eclipse.ui.editors,3.7.0.v20110517-0800,"org.eclipse.ui.editors",1317489032378
started,bundle,org.eclipse.ui.forms,3.5.100.v20110425,"org.eclipse.ui.forms",1317489032379
started,bundle,org.eclipse.ui.ide,3.7.0.I20110519-0100,"org.eclipse.ui.ide",1317489032391
started,bundle,org.eclipse.ui.navigator,3.5.100.I20110524-0800,"org.eclipse.ui.navigator",1317489032391
started,bundle,org.eclipse.ui.navigator.resources,3.4.300.I20110421-1800,"org.eclipse.ui.navigator.resources",1317489032405
started,bundle,org.eclipse.ui.net,1.2.100.I20110511-0800,"org.eclipse.ui.net",1317489032405
started,bundle,org.eclipse.ui.views,3.6.0.I20110412-0800,"org.eclipse.ui.views",1317489032406
started,bundle,org.eclipse.ui.workbench,3.7.0.I20110519-0100,"org.eclipse.ui.workbench",1317489032412
started,bundle,org.eclipse.ui.workbench.texteditor,3.7.0.v20110505-0800,"org.eclipse.ui.workbench.texteditor",1317489032425
started,bundle,org.eclipse.update.configurator,3.3.100.v20100512,"org.eclipse.update.configurator",1317489032435
started,bundle,org.eclipse.update.core,3.2.500.v20110330,"org.eclipse.update.core",1317489032444
started,bundle,org.eclipse.update.scheduler,3.2.300.v20100512,"org.eclipse.update.scheduler",1317489032486
started,bundle,org.eclipse.wst.common.core,1.2.0.v200908252030,"org.eclipse.wst.common.core",1317489032486
started,bundle,org.eclipse.wst.common.emf,1.2.100.v201101101900,"org.eclipse.wst.common.emf",1317489032498
started,bundle,org.eclipse.wst.common.emfworkbench.integration,1.2.100.v201011172300,"org.eclipse.wst.common.emfworkbench.integration",1317489032502
started,bundle,org.eclipse.wst.common.frameworks,1.2.100.v201105122000,"org.eclipse.wst.common.frameworks",1317489032516
started,bundle,org.eclipse.wst.common.frameworks.ui,1.2.100.v201105122000,"org.eclipse.wst.common.frameworks.ui",1317489032530
started,bundle,org.eclipse.wst.common.modulecore,1.2.100.v201105191800,"org.eclipse.wst.common.modulecore",1317489032541
started,bundle,org.eclipse.wst.common.project.facet.core,1.4.200.v201103170332,"org.eclipse.wst.common.project.facet.core",1317489032541
started,bundle,org.eclipse.wst.jsdt.core,1.1.100.v201104272153,"org.eclipse.wst.jsdt.core",1317489032554
started,bundle,org.eclipse.wst.jsdt.manipulation,1.0.300.v201104272153,"org.eclipse.wst.jsdt.manipulation",1317489032555
started,bundle,org.eclipse.wst.jsdt.ui,1.1.100.v201105041953,"org.eclipse.wst.jsdt.ui",1317489032555
started,bundle,org.eclipse.wst.validation,1.2.300.v201104190230,"org.eclipse.wst.validation",1317489032556
started,bundle,org.eclipse.wst.web,1.1.500.v201104251400,"org.eclipse.wst.web",1317489032557
started,bundle,org.eclipse.wst.xml.core,1.1.600.v201104251227,"org.eclipse.wst.xml.core",1317489032574
os,sysinfo,,,"linux",1317489032578
arch,sysinfo,,,"x86_64",1317489032578
ws,sysinfo,,,"gtk",1317489032578
locale,sysinfo,,,"en_US",1317489032578
processors,sysinfo,,,"4",1317489032578
java.runtime.name,sysinfo,,,"OpenJDK Runtime Environment",1317489032578
java.runtime.version,sysinfo,,,"1.6.0_22-b22",1317489032578
java.specification.name,sysinfo,,,"Java Platform API Specification",1317489032578
java.specification.vendor,sysinfo,,,"Sun Microsystems Inc.",1317489032578
java.specification.version,sysinfo,,,"1.6",1317489032578
java.vendor,sysinfo,,,"Sun Microsystems Inc.",1317489032578
java.version,sysinfo,,,"1.6.0_22",1317489032578
java.vm.info,sysinfo,,,"mixed mode",1317489032578
java.vm.name,sysinfo,,,"OpenJDK 64-Bit Server VM",1317489032578
java.vm.specification.name,sysinfo,,,"Java Virtual Machine Specification",1317489032578
java.vm.specification.vendor,sysinfo,,,"Sun Microsystems Inc.",1317489032578
java.vm.specification.version,sysinfo,,,"1.0",1317489032578
java.vm.vendor,sysinfo,,,"Sun Microsystems Inc.",1317489032578
java.vm.version,sysinfo,,,"20.0-b11",1317489032578
started,bundle,org.eclipse.m2e.usagedata,1.0.0.20110607-2117,"org.eclipse.m2e.usagedata",1317489032582
started,bundle,org.eclipse.jst.ws.jaxws.dom.integration,1.0.100.v201101252155,"org.eclipse.jst.ws.jaxws.dom.integration",1317489037421
started,bundle,org.eclipse.jst.ws.jaxws.dom.ui,1.0.0.v201004171919,"org.eclipse.jst.ws.jaxws.dom.ui",1317489037427
started,bundle,org.eclipse.jst.servlet.ui,1.1.500.v201105122000,"org.eclipse.jst.servlet.ui",1317489037486
started,bundle,org.eclipse.ltk.core.refactoring,3.5.200.v20110505-0800,"org.eclipse.ltk.core.refactoring",1317489039470
started,bundle,org.eclipse.ltk.ui.refactoring,3.6.0.v20110505-0800,"org.eclipse.ltk.ui.refactoring",1317489039485
started,bundle,org.eclipse.compare.core,3.5.200.I20110208-0800,"org.eclipse.compare.core",1317489040275
started,bundle,org.eclipse.compare,3.5.200.I20110525-0800,"org.eclipse.compare",1317489040280
deactivated,workbench,org.eclipse.ui.workbench,3.7.0.I20110519-0100,"",1317489043829
activated,workbench,org.eclipse.ui.workbench,3.7.0.I20110519-0100,"",1317489049859
deactivated,workbench,org.eclipse.ui.workbench,3.7.0.I20110519-0100,"",1317489057047
activated,workbench,org.eclipse.ui.workbench,3.7.0.I20110519-0100,"",1317489066411
started,bundle,org.eclipse.jdt.apt.core,3.3.500.v20110420-1015,"org.eclipse.jdt.apt.core",1317489066520
started,bundle,org.eclipse.jdt.apt.pluggable.core,1.0.400.v20110305-1450,"org.eclipse.jdt.apt.pluggable.core",1317489066531
deactivated,workbench,org.eclipse.ui.workbench,3.7.0.I20110519-0100,"",1317489069773
started,bundle,org.eclipse.mylyn.ide.ui,3.6.0.v20110608-1400,"org.eclipse.mylyn.ide.ui",1317489076487
activated,workbench,org.eclipse.ui.workbench,3.7.0.I20110519-0100,"",1317489077947
started,bundle,org.eclipse.mylyn.resources.ui,3.6.0.v20110608-1400,"org.eclipse.mylyn.resources.ui",1317489078087
opened,editor,org.eclipse.jdt.ui,3.7.0.v20110531-1200,"org.eclipse.jdt.ui.CompilationUnitEditor",1317489079408
activated,editor,org.eclipse.jdt.ui,3.7.0.v20110531-1200,"org.eclipse.jdt.ui.CompilationUnitEditor",1317489079592
started,bundle,org.eclipse.core.variables,3.2.500.v20110511,"org.eclipse.core.variables",1317489079853
activated,view,org.eclipse.ui.navigator.resources,3.4.300.I20110421-1800,"org.eclipse.ui.navigator.ProjectExplorer",1317489080297
deactivated,workbench,org.eclipse.ui.workbench,3.7.0.I20110519-0100,"",1317489091603
activated,workbench,org.eclipse.ui.workbench,3.7.0.I20110519-0100,"",1317489096268
started,bundle,org.eclipse.jdt.junit,3.7.0.v20110505-0800,"org.eclipse.jdt.junit",1317489096524
started,bundle,org.eclipse.pde.launching,3.6.0.v20110506,"org.eclipse.pde.launching",1317489096591
started,bundle,org.eclipse.ui.views.log,1.0.200.v20110404,"org.eclipse.ui.views.log",1317489096624
started,bundle,org.eclipse.pde.ui,3.6.100.v20110603,"org.eclipse.pde.ui",1317489096638
deactivated,workbench,org.eclipse.ui.workbench,3.7.0.I20110519-0100,"",1317489105568
started,bundle,org.eclipse.jdt.debug,3.7.0.v20110509,"org.eclipse.jdt.debug",1317489107619
started,bundle,org.eclipse.debug.ui,3.7.0.v20110518,"org.eclipse.debug.ui",1317489107770
started,bundle,org.eclipse.jdt.debug.ui,3.6.0.v20110512,"org.eclipse.jdt.debug.ui",1317489107992
started,bundle,org.eclipse.jpt.common.core,1.0.0.v201105180000,"org.eclipse.jpt.common.core",1317489108085
started,bundle,org.eclipse.jpt.jpa.core,3.0.0.v201105250001,"org.eclipse.jpt.jpa.core",1317489108086
started,bundle,org.eclipse.jst.jsp.ui,1.1.600.v201105092017,"org.eclipse.jst.jsp.ui",1317489108128
started,bundle,org.eclipse.pde.core,3.7.0.v20110603,"org.eclipse.pde.core",1317489108218
started,bundle,org.eclipse.wst.jsdt.debug.rhino.ui,1.0.0.v201103232243,"org.eclipse.wst.jsdt.debug.rhino.ui",1317489108235
started,bundle,org.eclipse.wst.sse.core,1.1.600.v201105162116,"org.eclipse.wst.sse.core",1317489108443
started,bundle,org.eclipse.jst.jsp.core,1.2.400.v201105162116,"org.eclipse.jst.jsp.core",1317489108460
activated,workbench,org.eclipse.ui.workbench,3.7.0.I20110519-0100,"",1317489109426
started,bundle,org.eclipse.wst.ws.service.policy.ui,1.0.202.v201004211732,"org.eclipse.wst.ws.service.policy.ui",1317489124189
started,bundle,org.eclipse.wst.ws.service.policy,1.0.303.v201009221810,"org.eclipse.wst.ws.service.policy",1317489124200
started,bundle,org.eclipse.wst.command.env,1.0.409.v201004211805,"org.eclipse.wst.command.env",1317489124278
started,bundle,org.eclipse.wst.ws,1.1.203.v201004211805,"org.eclipse.wst.ws",1317489124294
deactivated,workbench,org.eclipse.ui.workbench,3.7.0.I20110519-0100,"",1317489126757
activated,workbench,org.eclipse.ui.workbench,3.7.0.I20110519-0100,"",1317489146024
deactivated,workbench,org.eclipse.ui.workbench,3.7.0.I20110519-0100,"",1317489158070
executed,command,org.eclipse.ui,3.7.0.I20110602-0100,"org.eclipse.ui.edit.delete",1317489159501
activated,workbench,org.eclipse.ui.workbench,3.7.0.I20110519-0100,"",1317489159526
closed,editor,org.eclipse.jdt.ui,3.7.0.v20110531-1200,"org.eclipse.jdt.ui.CompilationUnitEditor",1317489159672
deactivated,workbench,org.eclipse.ui.workbench,3.7.0.I20110519-0100,"",1317489160296
activated,workbench,org.eclipse.ui.workbench,3.7.0.I20110519-0100,"",1317489191575
executed,command,org.eclipse.ui,3.7.0.I20110602-0100,"org.eclipse.ui.file.refresh",1317489194139
opened,editor,org.eclipse.jdt.ui,3.7.0.v20110531-1200,"org.eclipse.jdt.ui.CompilationUnitEditor",1317489198733
activated,editor,org.eclipse.jdt.ui,3.7.0.v20110531-1200,"org.eclipse.jdt.ui.CompilationUnitEditor",1317489198868
activated,view,org.eclipse.ui.navigator.resources,3.4.300.I20110421-1800,"org.eclipse.ui.navigator.ProjectExplorer",1317489198918
error,log,,,"Could not retrieve declared methods",1317489199828
error,log,,,"Could not retrieve declared methods",1317489199829
error,log,,,"Could not retrieve declared methods",1317489199830
activated,editor,org.eclipse.jdt.ui,3.7.0.v20110531-1200,"org.eclipse.jdt.ui.CompilationUnitEditor",1317489200886
executed,command,,,"AUTOGEN:::org.eclipse.jdt.internal.ui.CompilationUnitEditor.ruler.actions/org.eclipse.jdt.internal.ui.javaeditor.JavaSelectRulerAction",1317489201846
deactivated,workbench,org.eclipse.ui.workbench,3.7.0.I20110519-0100,"",1317489255913
activated,workbench,org.eclipse.ui.workbench,3.7.0.I20110519-0100,"",1317489256853
started,bundle,org.eclipse.wst.server.core,1.1.302.v20110518,"org.eclipse.wst.server.core",1317489261316
started,bundle,org.eclipse.wst.server.ui,1.1.305.v20110511,"org.eclipse.wst.server.ui",1317489261379
deactivated,workbench,org.eclipse.ui.workbench,3.7.0.I20110519-0100,"",1317489263768
executed,command,org.eclipse.ui,3.7.0.I20110602-0100,"org.eclipse.ui.window.preferences",1317489278572
activated,workbench,org.eclipse.ui.workbench,3.7.0.I20110519-0100,"",1317489278603
deactivated,workbench,org.eclipse.ui.workbench,3.7.0.I20110519-0100,"",1317489285181
closed,workbench,org.eclipse.ui.workbench,3.7.0.I20110519-0100,"",1317489286672
started,bundle,org.eclipse.equinox.p2.garbagecollector,1.0.200.v20110510,"org.eclipse.equinox.p2.garbagecollector",1317489287160
stopped,bundle,org.eclipse.m2e.logback.configuration,1.0.0.20110607-2117,"org.eclipse.m2e.logback.configuration",1317489287760
stopped,bundle,org.eclipse.m2e.discovery,1.0.0.20110607-2117,"org.eclipse.m2e.discovery",1317489287762
stopped,bundle,org.eclipse.m2e.refactoring,1.0.0.20110607-2117,"org.eclipse.m2e.refactoring",1317489287763
stopped,bundle,org.eclipse.m2e.editor,1.0.0.20110607-2117,"org.eclipse.m2e.editor",1317489287764
stopped,bundle,org.eclipse.m2e.editor.xml,1.0.0.20110607-2117,"org.eclipse.m2e.editor.xml",1317489287765
stopped,bundle,org.eclipse.m2e.jdt,1.0.0.20110607-2117,"org.eclipse.m2e.jdt",1317489287766
stopped,bundle,org.eclipse.m2e.launching,1.0.0.20110607-2117,"org.eclipse.m2e.launching",1317489287767
stopped,bundle,org.eclipse.m2e.usagedata,1.0.0.20110607-2117,"org.eclipse.m2e.usagedata",1317489287767
stopped,bundle,org.eclipse.datatools.enablement.hsqldb.ui,1.0.0.v200906020900,"org.eclipse.datatools.enablement.hsqldb.ui",1317489287780
stopped,bundle,org.eclipse.datatools.enablement.ingres.ui,1.0.0.v201105270214,"org.eclipse.datatools.enablement.ingres.ui",1317489287783
stopped,bundle,org.eclipse.datatools.enablement.postgresql.ui,1.0.0.v200906020900,"org.eclipse.datatools.enablement.postgresql.ui",1317489287793
stopped,bundle,org.eclipse.datatools.enablement.sqlite.ui,1.0.0.v200906020900,"org.eclipse.datatools.enablement.sqlite.ui",1317489287809
activated,perspective,org.eclipse.jst.j2ee.ui,,"org.eclipse.jst.j2ee.J2EEPerspective",1317489309007
started,bundle,org.eclipse.osgi,3.7.0.v20110613,"org.eclipse.osgi",1317489309009
started,bundle,org.eclipse.equinox.simpleconfigurator,1.0.200.v20110502-1955,"org.eclipse.equinox.simpleconfigurator",1317489309009
started,bundle,com.ibm.icu,4.4.2.v20110208,"com.ibm.icu",1317489309010
started,bundle,org.eclipse.compare.core,3.5.200.I20110208-0800,"org.eclipse.compare.core",1317489309010
started,bundle,org.eclipse.core.contenttype,3.4.100.v20110423-0524,"org.eclipse.core.contenttype",1317489309011
started,bundle,org.eclipse.core.databinding.observable,1.4.0.I20110222-0800,"org.eclipse.core.databinding.observable",1317489309011
started,bundle,org.eclipse.core.expressions,3.4.300.v20110228,"org.eclipse.core.expressions",1317489309012
started,bundle,org.eclipse.core.filebuffers,3.5.200.v20110505-0800,"org.eclipse.core.filebuffers",1317489309012
started,bundle,org.eclipse.core.filesystem,1.3.100.v20110423-0524,"org.eclipse.core.filesystem",1317489309013
started,bundle,org.eclipse.core.jobs,3.5.100.v20110404,"org.eclipse.core.jobs",1317489309014
started,bundle,org.eclipse.core.net,1.2.100.I20110511-0800,"org.eclipse.core.net",1317489309014
started,bundle,org.eclipse.core.resources,3.7.100.v20110510-0712,"org.eclipse.core.resources",1317489309014
started,bundle,org.eclipse.core.runtime,3.7.0.v20110110,"org.eclipse.core.runtime",1317489309015
started,bundle,org.eclipse.core.runtime.compatibility,3.2.100.v20100505,"org.eclipse.core.runtime.compatibility",1317489309015
started,bundle,org.eclipse.core.runtime.compatibility.auth,3.2.200.v20110110,"org.eclipse.core.runtime.compatibility.auth",1317489309016
started,bundle,org.eclipse.core.variables,3.2.500.v20110511,"org.eclipse.core.variables",1317489309017
started,bundle,org.eclipse.debug.core,3.7.0.v20110518,"org.eclipse.debug.core",1317489309017
started,bundle,org.eclipse.egit.core,1.0.0.201106090707-r,"org.eclipse.egit.core",1317489309019
started,bundle,org.eclipse.egit.ui,1.0.0.201106090707-r,"org.eclipse.egit.ui",1317489309034
started,bundle,org.eclipse.emf.common,2.7.0.v20110605-0747,"org.eclipse.emf.common",1317489309034
started,bundle,org.eclipse.emf.common.ui,2.7.0.v20110606-0949,"org.eclipse.emf.common.ui",1317489309035
started,bundle,org.eclipse.emf.ecore,2.7.0.v20110605-0747,"org.eclipse.emf.ecore",1317489309036
started,bundle,org.eclipse.emf.ecore.xmi,2.7.0.v20110520-1406,"org.eclipse.emf.ecore.xmi",1317489309036
started,bundle,org.eclipse.emf.edit,2.7.0.v20110606-0949,"org.eclipse.emf.edit",1317489309037
